{"cameraMode":{"drawMode":0,"name":"Shaded","section":"Shading Mode"},"sceneLighting":true,"audioPlay":false,"sceneViewState":{"showFog":true,"showMaterialUpdate":false,"showSkybox":true,"showFlares":true,"showImageEffects":true,"showParticleSystems":true},"in2DMode":false,"pivot":{"x":-1.5983428955078126,"y":-1.9569568634033204,"z":3.5953664779663088},"rotation":{"x":-0.12161460518836975,"y":0.8502240180969238,"z":-0.22463950514793397,"w":-0.4602917432785034},"size":14.530410766601563,"orthographic":false}